<?xml version="1.0" encoding="UTF-8"?>
<GenRun Id="impl_1" LaunchPart="xc7z020clg484-1" LaunchTime="1547399436">
  <File Type="ROUTE-PWR" Name="m1_for_arty_a7_wrapper_power_routed.rpt"/>
  <File Type="PA-TCL" Name="m1_for_arty_a7_wrapper.tcl"/>
  <File Type="BITSTR-BMM" Name="m1_for_arty_a7_wrapper_bd.bmm"/>
  <File Type="ROUTE-PWR-SUM" Name="m1_for_arty_a7_wrapper_power_summary_routed.pb"/>
  <File Type="REPORTS-TCL" Name="m1_for_arty_a7_wrapper_reports.tcl"/>
  <File Type="OPT-DCP" Name="m1_for_arty_a7_wrapper_opt.dcp"/>
  <File Type="OPT-DRC" Name="m1_for_arty_a7_wrapper_drc_opted.rpt"/>
  <File Type="OPT-HWDEF" Name="m1_for_arty_a7_wrapper.hwdef"/>
  <File Type="PWROPT-DCP" Name="m1_for_arty_a7_wrapper_pwropt.dcp"/>
  <File Type="PLACE-DCP" Name="m1_for_arty_a7_wrapper_placed.dcp"/>
  <File Type="PLACE-IO" Name="m1_for_arty_a7_wrapper_io_placed.rpt"/>
  <File Type="PLACE-UTIL" Name="m1_for_arty_a7_wrapper_utilization_placed.rpt"/>
  <File Type="PLACE-UTIL-PB" Name="m1_for_arty_a7_wrapper_utilization_placed.pb"/>
  <File Type="PLACE-CTRL" Name="m1_for_arty_a7_wrapper_control_sets_placed.rpt"/>
  <File Type="PLACE-PRE-SIMILARITY" Name="m1_for_arty_a7_wrapper_incremental_reuse_pre_placed.rpt"/>
  <File Type="BG-BGN" Name="m1_for_arty_a7_wrapper.bgn"/>
  <File Type="POSTPLACE-PWROPT-DCP" Name="m1_for_arty_a7_wrapper_postplace_pwropt.dcp"/>
  <File Type="BG-BIN" Name="m1_for_arty_a7_wrapper.bin"/>
  <File Type="PHYSOPT-DCP" Name="m1_for_arty_a7_wrapper_physopt.dcp"/>
  <File Type="BITSTR-MSK" Name="m1_for_arty_a7_wrapper.msk"/>
  <File Type="ROUTE-ERROR-DCP" Name="m1_for_arty_a7_wrapper_routed_error.dcp"/>
  <File Type="ROUTE-DCP" Name="m1_for_arty_a7_wrapper_routed.dcp"/>
  <File Type="ROUTE-BLACKBOX-DCP" Name="m1_for_arty_a7_wrapper_routed_bb.dcp"/>
  <File Type="ROUTE-DRC" Name="m1_for_arty_a7_wrapper_drc_routed.rpt"/>
  <File Type="ROUTE-DRC-PB" Name="m1_for_arty_a7_wrapper_drc_routed.pb"/>
  <File Type="ROUTE-DRC-RPX" Name="m1_for_arty_a7_wrapper_drc_routed.rpx"/>
  <File Type="BITSTR-LTX" Name="m1_for_arty_a7_wrapper.ltx"/>
  <File Type="ROUTE-METHODOLOGY-DRC" Name="m1_for_arty_a7_wrapper_methodology_drc_routed.rpt"/>
  <File Type="BITSTR-MMI" Name="m1_for_arty_a7_wrapper.mmi"/>
  <File Type="ROUTE-METHODOLOGY-DRC-RPX" Name="m1_for_arty_a7_wrapper_methodology_drc_routed.rpx"/>
  <File Type="ROUTE-METHODOLOGY-DRC-PB" Name="m1_for_arty_a7_wrapper_methodology_drc_routed.pb"/>
  <File Type="BITSTR-SYSDEF" Name="m1_for_arty_a7_wrapper.sysdef"/>
  <File Type="ROUTE-PWR-RPX" Name="m1_for_arty_a7_wrapper_power_routed.rpx"/>
  <File Type="ROUTE-STATUS" Name="m1_for_arty_a7_wrapper_route_status.rpt"/>
  <File Type="ROUTE-STATUS-PB" Name="m1_for_arty_a7_wrapper_route_status.pb"/>
  <File Type="ROUTE-TIMINGSUMMARY" Name="m1_for_arty_a7_wrapper_timing_summary_routed.rpt"/>
  <File Type="ROUTE-TIMING-PB" Name="m1_for_arty_a7_wrapper_timing_summary_routed.pb"/>
  <File Type="ROUTE-TIMING-RPX" Name="m1_for_arty_a7_wrapper_timing_summary_routed.rpx"/>
  <File Type="ROUTE-CLK" Name="m1_for_arty_a7_wrapper_clock_utilization_routed.rpt"/>
  <File Type="ROUTE-BUS-SKEW" Name="m1_for_arty_a7_wrapper_bus_skew_routed.rpt"/>
  <File Type="ROUTE-BUS-SKEW-PB" Name="m1_for_arty_a7_wrapper_bus_skew_routed.pb"/>
  <File Type="ROUTE-BUS-SKEW-RPX" Name="m1_for_arty_a7_wrapper_bus_skew_routed.rpx"/>
  <File Type="POSTROUTE-PHYSOPT-DCP" Name="m1_for_arty_a7_wrapper_postroute_physopt.dcp"/>
  <File Type="POSTROUTE-PHYSOPT-BLACKBOX-DCP" Name="m1_for_arty_a7_wrapper_postroute_physopt_bb.dcp"/>
  <File Type="BG-BIT" Name="m1_for_arty_a7_wrapper.bit"/>
  <File Type="BITSTR-RBT" Name="m1_for_arty_a7_wrapper.rbt"/>
  <File Type="BITSTR-NKY" Name="m1_for_arty_a7_wrapper.nky"/>
  <File Type="BG-DRC" Name="m1_for_arty_a7_wrapper.drc"/>
  <File Type="RDI-RDI" Name="m1_for_arty_a7_wrapper.vdi"/>
  <File Type="WBT-USG" Name="usage_statistics_webtalk.html"/>
  <FileSet Name="sources" Type="DesignSrcs" RelSrcDir="$PSRCDIR/sources_1">
    <Filter Type="Srcs"/>
    <File Path="$PSRCDIR/sources_1/imports/m1_for_arty_a7/VHDL_Custom/Invert_SingleValue/invert_singleValue.vhd">
      <FileInfo>
        <Attr Name="ImportPath" Val="$PPRDIR/../../../../../../../../Zedboard/Cortex_M1/hardware/m1_for_arty_a7/VHDL_Custom/Invert_SingleValue/invert_singleValue.vhd"/>
        <Attr Name="ImportTime" Val="1540199722"/>
        <Attr Name="UsedIn" Val="synthesis"/>
        <Attr Name="UsedIn" Val="simulation"/>
      </FileInfo>
    </File>
    <File Path="$PSRCDIR/sources_1/bd/block_diagram/m1_for_arty_a7.bd">
      <FileInfo>
        <Attr Name="ImportPath" Val="$PPRDIR/../../../../../../../../Zedboard/Cortex_M1/hardware/m1_for_arty_a7/block_diagram/m1_for_arty_a7.bd"/>
        <Attr Name="ImportTime" Val="1543094902"/>
        <Attr Name="UsedIn" Val="synthesis"/>
        <Attr Name="UsedIn" Val="implementation"/>
        <Attr Name="UsedIn" Val="simulation"/>
      </FileInfo>
    </File>
    <File Path="$PSRCDIR/sources_1/imports/m1_for_arty_a7/block_diagram/hdl/m1_for_arty_a7_wrapper.vhd">
      <FileInfo>
        <Attr Name="ImportPath" Val="$PPRDIR/../../../../../../../../Zedboard/Cortex_M1/hardware/m1_for_arty_a7/block_diagram/hdl/m1_for_arty_a7_wrapper.vhd"/>
        <Attr Name="ImportTime" Val="1547399386"/>
        <Attr Name="UsedIn" Val="synthesis"/>
        <Attr Name="UsedIn" Val="simulation"/>
      </FileInfo>
    </File>
    <File Path="$PSRCDIR/sources_1/imports/m1_for_arty_a7/m1_for_arty_a7/bram_a7.hex">
      <FileInfo SFType="MIF">
        <Attr Name="ImportPath" Val="$PPRDIR/../../../../../../../../Zedboard/Cortex_M1/hardware/m1_for_arty_a7/m1_for_arty_a7/bram_a7.hex"/>
        <Attr Name="ImportTime" Val="1547399345"/>
        <Attr Name="UsedIn" Val="synthesis"/>
        <Attr Name="UsedIn" Val="simulation"/>
      </FileInfo>
    </File>
    <Config>
      <Option Name="DesignMode" Val="RTL"/>
      <Option Name="TopModule" Val="m1_for_arty_a7_wrapper"/>
    </Config>
  </FileSet>
  <FileSet Name="constrs_in" Type="Constrs" RelSrcDir="$PSRCDIR/constrs">
    <File Path="$PSRCDIR/constrs/new/m1_for_zedboard.xdc">
      <FileInfo>
        <Attr Name="ImportPath" Val="$PPRDIR/../../../../../../../../Zedboard/Cortex_M1/hardware/m1_for_arty_a7/m1_for_arty_a7/m1_for_arty_a7.srcs/constrs/new/m1_for_zedboard.xdc"/>
        <Attr Name="ImportTime" Val="1540156073"/>
        <Attr Name="UsedIn" Val="synthesis"/>
        <Attr Name="UsedIn" Val="implementation"/>
      </FileInfo>
    </File>
    <Config>
      <Option Name="TargetConstrsFile" Val="$PSRCDIR/constrs/new/m1_for_zedboard.xdc"/>
      <Option Name="ConstrsType" Val="XDC"/>
    </Config>
  </FileSet>
  <Strategy Version="1" Minor="2">
    <StratHandle Name="Vivado Implementation Defaults" Flow="Vivado Implementation 2018"/>
    <Step Id="init_design"/>
    <Step Id="opt_design"/>
    <Step Id="power_opt_design"/>
    <Step Id="place_design"/>
    <Step Id="post_place_power_opt_design"/>
    <Step Id="phys_opt_design"/>
    <Step Id="route_design"/>
    <Step Id="post_route_phys_opt_design"/>
    <Step Id="write_bitstream"/>
  </Strategy>
</GenRun>
