<?xml version="1.0" encoding="UTF-8"?>
<GenRun Id="synth_1" LaunchPart="xc7z020clg484-1" LaunchTime="1547399432">
  <File Type="PA-TCL" Name="m1_for_arty_a7_wrapper.tcl"/>
  <File Type="REPORTS-TCL" Name="m1_for_arty_a7_wrapper_reports.tcl"/>
  <File Type="RDS-RDS" Name="m1_for_arty_a7_wrapper.vds"/>
  <File Type="RDS-UTIL" Name="m1_for_arty_a7_wrapper_utilization_synth.rpt"/>
  <File Type="RDS-UTIL-PB" Name="m1_for_arty_a7_wrapper_utilization_synth.pb"/>
  <File Type="RDS-DCP" Name="m1_for_arty_a7_wrapper.dcp"/>
  <FileSet Name="sources" Type="DesignSrcs" RelSrcDir="$PSRCDIR/sources_1">
    <Filter Type="Srcs"/>
    <File Path="$PSRCDIR/sources_1/imports/m1_for_arty_a7/VHDL_Custom/Invert_SingleValue/invert_singleValue.vhd">
      <FileInfo>
        <Attr Name="ImportPath" Val="$PPRDIR/../../../../../../../../Zedboard/Cortex_M1/hardware/m1_for_arty_a7/VHDL_Custom/Invert_SingleValue/invert_singleValue.vhd"/>
        <Attr Name="ImportTime" Val="1540199722"/>
        <Attr Name="UsedIn" Val="synthesis"/>
        <Attr Name="UsedIn" Val="simulation"/>
      </FileInfo>
    </File>
    <File Path="$PSRCDIR/sources_1/bd/block_diagram/m1_for_arty_a7.bd">
      <FileInfo>
        <Attr Name="ImportPath" Val="$PPRDIR/../../../../../../../../Zedboard/Cortex_M1/hardware/m1_for_arty_a7/block_diagram/m1_for_arty_a7.bd"/>
        <Attr Name="ImportTime" Val="1543094902"/>
        <Attr Name="UsedIn" Val="synthesis"/>
        <Attr Name="UsedIn" Val="implementation"/>
        <Attr Name="UsedIn" Val="simulation"/>
      </FileInfo>
    </File>
    <File Path="$PSRCDIR/sources_1/imports/m1_for_arty_a7/block_diagram/hdl/m1_for_arty_a7_wrapper.vhd">
      <FileInfo>
        <Attr Name="ImportPath" Val="$PPRDIR/../../../../../../../../Zedboard/Cortex_M1/hardware/m1_for_arty_a7/block_diagram/hdl/m1_for_arty_a7_wrapper.vhd"/>
        <Attr Name="ImportTime" Val="1547399386"/>
        <Attr Name="UsedIn" Val="synthesis"/>
        <Attr Name="UsedIn" Val="simulation"/>
      </FileInfo>
    </File>
    <File Path="$PSRCDIR/sources_1/imports/m1_for_arty_a7/m1_for_arty_a7/bram_a7.hex">
      <FileInfo SFType="MIF">
        <Attr Name="ImportPath" Val="$PPRDIR/../../../../../../../../Zedboard/Cortex_M1/hardware/m1_for_arty_a7/m1_for_arty_a7/bram_a7.hex"/>
        <Attr Name="ImportTime" Val="1547399345"/>
        <Attr Name="UsedIn" Val="synthesis"/>
        <Attr Name="UsedIn" Val="simulation"/>
      </FileInfo>
    </File>
    <Config>
      <Option Name="DesignMode" Val="RTL"/>
      <Option Name="TopModule" Val="m1_for_arty_a7_wrapper"/>
    </Config>
  </FileSet>
  <FileSet Name="constrs_in" Type="Constrs" RelSrcDir="$PSRCDIR/constrs">
    <File Path="$PSRCDIR/constrs/new/m1_for_zedboard.xdc">
      <FileInfo>
        <Attr Name="ImportPath" Val="$PPRDIR/../../../../../../../../Zedboard/Cortex_M1/hardware/m1_for_arty_a7/m1_for_arty_a7/m1_for_arty_a7.srcs/constrs/new/m1_for_zedboard.xdc"/>
        <Attr Name="ImportTime" Val="1540156073"/>
        <Attr Name="UsedIn" Val="synthesis"/>
        <Attr Name="UsedIn" Val="implementation"/>
      </FileInfo>
    </File>
    <Config>
      <Option Name="TargetConstrsFile" Val="$PSRCDIR/constrs/new/m1_for_zedboard.xdc"/>
      <Option Name="ConstrsType" Val="XDC"/>
    </Config>
  </FileSet>
  <Strategy Version="1" Minor="2">
    <StratHandle Name="Vivado Synthesis Defaults" Flow="Vivado Synthesis 2018"/>
    <Step Id="synth_design"/>
  </Strategy>
</GenRun>
